{"version":1,"hash":{"type":"Buffer","data":"aCoLyUwt0XhOEqlnifJXAoWCCPZrsKQqFbRUr4MKT5n144iIoLKNMlgRRugrkOO0lhth+5gkgMnG9kCa06ZLTM/T9bGgYXXgCjrJnlMz27wma5QIRUIVu6s90nil8vThKYS5qYEQRtD4/EvyWJlNf8itjUc2YvHcvrlXlBV1O4A="},"indexValueMap":{"N3lAnLUfYhJUMXd/ULT8SUjd206F0iJGLWns4UFzUi4=":{"valueMac":{"type":"Buffer","data":"Nqqvow+4XszTCQ2L4Gb0/mNQhnuCIwQtYJ2CjPkTiAo="}},"cyjRAGhUgB6mi7ydEN50GR9C9HFoEkmKF6rBKwkoYOQ=":{"valueMac":{"type":"Buffer","data":"2lA6ST/WMZWbWcFImaxMKn278HxbGgcHvD0iwO/eZgA="}},"32agUEJA6D2XboVe29+q3DRO/Zpqi8VYg+7oeZaCYw8=":{"valueMac":{"type":"Buffer","data":"Q5vDCAV8wN1GLrJETe7Mqrdg0o50uRosHVVWO+lh6q8="}},"76xBSPT15LWc5DEWnC+80fgaE2VstY+alYhr1r85M4k=":{"valueMac":{"type":"Buffer","data":"clO/lTQvmI5wGUixiMXb5WfJzG9KMk+xZHeGHmaCVxk="}},"itdUf6Gn60ULXYJKUqRt3QSjZHk4sox26xDL9j78jnU=":{"valueMac":{"type":"Buffer","data":"QrOb7DsZX/Wvxa+YUYQHgIEc88haKNJFZvF5GLtZKpY="}},"c/QXzxmFTGJVfCP/MLLQO7NIJUgWva/JD6xl6H8Ymbc=":{"valueMac":{"type":"Buffer","data":"sD8+8e+7ICeeNesKrNln6UEtcrhe1j6t2eTXVMX7I0Y="}}}}