{"version":1,"hash":{"type":"Buffer","data":"3mzomVDwx+gJf3F4Ym3o20nc63Z9W4R1EDwMxhDy1rLnxXaawIXOffimha6ma4t7O1QzcR+CtgXs4uNC+akgg4fNpqx6LRgff/VUOg6Kfd4Op3ZMSgUqfFA9moteFe2g9fp51etlkDPHLNrpbDPs9keG0UR6AerYgSO6oYso2ds="},"indexValueMap":{"THyr/yBquE9vxa1Tjoid1qD1hOAEDjCkJ7NUYojMSpQ=":{"valueMac":{"type":"Buffer","data":"XO4TpQV2sARjnxqN0GhXs64rkxS8kkt/e7l2cJLEpGQ="}},"lAVWWS0bmDikYkcFsOnnB90M7vTF8jGbtkIkMTMB2yA=":{"valueMac":{"type":"Buffer","data":"vMeZS/W3Vhy/f6vDDeONzfWvZ3tUeJS5okS7ruOpNpE="}}}}