{"noiseKey":{"private":{"type":"Buffer","data":"CKF33Th4Xnz5UWinfqc+tdfkQ6QkWGsjDEWWspiSRFg="},"public":{"type":"Buffer","data":"T9wI9lk3JD3Z7DMn7WHpX++qMRgcSP9rg0mHrMuY0no="}},"pairingEphemeralKeyPair":{"private":{"type":"Buffer","data":"YBz47cupejtxhz3DulbEvsQn1fgSDePSCJxCcxYUUXQ="},"public":{"type":"Buffer","data":"sypL9suIlhNUCyA1LVt0cww/9FyqfY/qdUfPMnH8x2k="}},"signedIdentityKey":{"private":{"type":"Buffer","data":"qDXsA1kxu694lwu1uHI0ul2GCKwF/i+dtqaKu8igQ2c="},"public":{"type":"Buffer","data":"BZckG+/JYFQv93irJIO+pehBYbw1KhU4Q0ubyDmLCRs="}},"signedPreKey":{"keyPair":{"private":{"type":"Buffer","data":"WIbDbD/oyEeFaQgBaCF0GTgURqtJTLw2o70ze7ogRnk="},"public":{"type":"Buffer","data":"r5GDKjo2Vj+nufaqax6Q+28jb4awRzUwAL5+c3fBxzk="}},"signature":{"type":"Buffer","data":"OUYJZry7fPYCR+x324WDqDlstVWyjxlWBKntLGULeODV1OAUki847Ffx0aAWqLJGwsEU9ScwoeaEbV2og9fsiw=="},"keyId":1},"registrationId":147,"advSecretKey":"qUa7NfXguYq0FTazXF0F4tNmGCrFMmZFf9z1/YOXGQo=","processedHistoryMessages":[{"key":{"remoteJid":"557382065794@s.whatsapp.net","fromMe":false,"id":"A59A717CB6AB640D7BB9B6A6F695A13A","participant":"","addressingMode":"pn"},"messageTimestamp":1762407398},{"key":{"remoteJid":"557382065794@s.whatsapp.net","fromMe":false,"id":"A50AAC4B4C3F560A9EB45F7E8130002D","participant":"","addressingMode":"pn"},"messageTimestamp":1762407398},{"key":{"remoteJid":"557382065794@s.whatsapp.net","fromMe":false,"id":"A5010EF3CB7F9425A8BDB2B35972E768","participant":"","addressingMode":"pn"},"messageTimestamp":1762407398},{"key":{"remoteJid":"557382065794@s.whatsapp.net","fromMe":false,"id":"A5AA5EA31CF61F8EA55EC29985CB045E","participant":"","addressingMode":"pn"},"messageTimestamp":1762407402},{"key":{"remoteJid":"557382065794@s.whatsapp.net","fromMe":false,"id":"A589414C3220A5A3305CD291165C222B","participant":"","addressingMode":"pn"},"messageTimestamp":1762407403},{"key":{"remoteJid":"557382065794@s.whatsapp.net","fromMe":false,"id":"A5E2487861E537847687CD1740AD47A8","participant":"","addressingMode":"pn"},"messageTimestamp":1762407405}],"nextPreKeyId":813,"firstUnuploadedPreKeyId":813,"accountSyncCounter":3,"accountSettings":{"unarchiveChats":false},"registered":false,"account":{"details":"CK7k+ZkFEN/nsMgGGAEgACgA","accountSignatureKey":"bXIOssH+irqgMMZZaQVzKjy1RL52E4rEVlYkWJzQA2s=","accountSignature":"OJ01yGcYvXunfKmwB2Gww4apZJPEA9b4PIQp4i+L/qWHPCaSXT34Sw4kDOnrYOnIGcTdd/dkULwz4LrafYqmAQ==","deviceSignature":"tcCBmHhhX1i4vCWx1ufMA9Gafns9Retgxh/OJrNVe5k6uPLwOm6cDjWit+1gu50J30dg8obYfdc0TZk4ME8Bhw=="},"me":{"id":"557382065794:1@s.whatsapp.net","name":"Studio Donna Patty (Notificações)","lid":"225606797144278:1@lid"},"signalIdentities":[{"identifier":{"name":"225606797144278:1@lid","deviceId":0},"identifierKey":{"type":"Buffer","data":"BW1yDrLB/oq6oDDGWWkFcyo8tUS+dhOKxFZWJFic0ANr"}}],"platform":"smba","routingInfo":{"type":"Buffer","data":"CAgIEggN"},"lastAccountSyncTimestamp":1762805179,"lastPropHash":"4OOe1t","myAppStateKeyId":"AAAAABcE"}