{"version":5,"hash":{"type":"Buffer","data":"ZmiGscceh3TvHlGRgRSCDLIknKRtDHgb+L6my73dygjrvdY6qc1ael7JD7FsQW8SW4laCg8md8+BqZWBs6g8NcVBdSbMoxyWn0CaRzC319snRi2mcCxJwYXctjYx7pDAuzHSEU1Dyrhg03SH2iva4EoqyTvUosAhAFPNsoohIYo="},"indexValueMap":{"aLkoYk7V6Vj96PxTDvuwBllzadnG0yAn6+TFjwRi5B0=":{"valueMac":{"type":"Buffer","data":"N378Y4TQe5gZXvjULOvwDAk4KVsR38+fQu7GiV6AMpY="}},"r64XS40PuNl6B6lThhU1cLTXHqtw0e86IhaNw28g/iI=":{"valueMac":{"type":"Buffer","data":"4zczJQXjzA1Pt/Y1a9fQk1+QBauqLOe5LndXDePs/2I="}},"Dy3RNEhFEiG8qBl5/LlS5Tw33KZbDHwjePRgFaScvWg=":{"valueMac":{"type":"Buffer","data":"QVj4nkb87XiaA804LYe/DT3RS5RYAOLn1sKGUa8D9I0="}},"rVj5Jxfj/HPZWIqo9iUTEnnEnCZrKIwJeXES3YeJBTs=":{"valueMac":{"type":"Buffer","data":"ayUgfsZUMHvgYU4BS1p2BMU81mMZdaTYza9qUzHMGps="}},"C81Rs911qx+eJglVdR2WNhcLb3j5NZaGRBc2QP1++y8=":{"valueMac":{"type":"Buffer","data":"5RTRol/QaiW5MKTbgL1WF1ZdnYe8/jUGNJ9xNch+rak="}},"IzaZIOzU4BZvIEcyyHW22TOAQtwrIaG2T1WeDtT6U9E=":{"valueMac":{"type":"Buffer","data":"xrY2TIfeySZTb+3xbMz3NrUyzB+KI0z3n3pWxviTUt4="}}}}